
-- branch

INSERT INTO branch VALUES (1, '514-123-1254', '514-123-1435', 'Sally Hanson', '1980-06-15', 'Downtown', 'Montreal');
INSERT INTO branch VALUES (2, '514-122-3234', '514-127-8235', 'Don Knotts', '1992-11-08', 'Nutana', 'Saskatoon');
INSERT INTO branch VALUES (3, '514-163-1234', '514-123-4235', 'Tim Bowman', '1990-03-09', 'Riverbend', 'Edmonton');
INSERT INTO branch VALUES (4, '514-123-1634', '514-123-1735', 'Barry Rye', '1995-10-25', 'Verdun', 'Montreal');
INSERT INTO branch VALUES (5, '514-123-9234', '514-123-0235', 'Gilbert Cat', '1986-04-06', 'Kanata', 'Ottawa');
INSERT INTO branch VALUES (6, '514-123-7834', '514-123-1235', 'Jean Eerie', '1988-11-09', 'Oakridge', 'Vancouver');
INSERT INTO branch VALUES (7, '514-113-1234', '514-163-1235', 'Abraham Cookie', '1987-10-13', 'Scarborough', 'Toronto');
INSERT INTO branch VALUES (8, '514-333-1234', '514-163-0035', 'Benjamin Turtle', '1988-07-25', 'Horse Hill', 'Edmonton');
INSERT INTO branch VALUES (9, '514-513-1204', '514-163-9935', 'Spider Man', '2000-03-24', 'Old Toronto', 'Toronto');
INSERT INTO branch VALUES (10, '514-513-7834', '514-168-1235', 'John Bill', '1999-09-12', 'East York', 'Toronto');
INSERT INTO branch VALUES (11, '514-123-1234', '514-123-1255', 'Tina Turner', '1985-10-05', 'Cote Des Neiges', 'Montreal');

--employee

INSERT INTO employee VALUES(1, 'President', 'Rupaul Charles', '123 de Maisonneuve blvd. Montreal', '1990-10-10', 500000.00, 'rpcharles@gmail.com', '514-145-1415', 5, 4, 1);
INSERT INTO employee VALUES(2, 'General Manager', 'Blair St-Clair', '345 Mont-Royal St. Montreal', '2000-01-02', 100000.00, 'blairstclair@gmail.com', '514-222-2222', 5, 2, 1);
INSERT INTO employee VALUES(3, 'General Manager', 'Miss Vanjie', '678 Ste-Catherine St. Montreal', '2000-02-03', 150000.00, 'vanjie@gmail.com' ,  '514-333-3333', 5, 6, 1);
INSERT INTO employee VALUES(4, 'General Manager', 'Sasha Velour', '910 Peel St.  Montreal', '2001-02-03', 120000.00, 'sashavelour@gmail.com', '514-123-4567', 7, 4, 1);
INSERT INTO employee VALUES(5, 'Custumer Service Representative', 'Shae Coulee', '765 Sherbrook blvd.  Montreal', '2002-03-04', 80000.00, 'shaecoulee@gmail.com', '514-321-3322', 3, 2, 1);
INSERT INTO employee VALUES(6, 'Custumer Service Representative', 'Jasmine Latendresse', '432 Masson St. Mascouche', '2010-01-03', 250000.00, 'jasminelatendresse@gmail.com', '450-543-4433', 4, 5, 2);
INSERT INTO employee VALUES(7, 'Custumer Service Representative', 'Buzz Lightyear', '101 Infinity St. Montreal', '2003-03-04', 91000.00, 'buzzlightyear@gmail.com', '514-555-5555', 5, 6, 5);
INSERT INTO employee VALUES(8, 'Custumer Service Representative', 'Filbert Squirrel', '231 Animal Crossing St.  Montreal', '2011-11-30', 50000.00, 'filbertsquirrel@gmail.com', '514-888-9999', 4, 3, 3);
INSERT INTO employee VALUES(9, 'Custumer Service Representative', 'Sakura CardCaptor', '108 Desautels St. Montreal', '2013-12-29', 400000.00, 'cardcaptorsakura@gmail.com', '514-890-8090', 2, 6, 4);
INSERT INTO employee VALUES(10, 'General Manager', 'Sailor Moon', '44 Moon St. Terrebonne', '1999-05-14', 300000.00, 'sailormoon@gmail.com', '450-423-2345', 4, 8, 1);
INSERT INTO employee VALUES(11, 'Manager', 'Sally Hanson', '54 Doggos St. Mascouche', '1994-05-13', 200000.00, 'sallyhanson@gmail.com', '450-654-3323', 5, 7, 1);
INSERT INTO employee VALUES(12, 'Manager', 'Don Knotts', '252 Tate St. Saskatoon', '2008-04-20', 210000.00, 'donknotts@gmail.com', '450-987-5555', 3, 6, 2);
INSERT INTO employee VALUES(13, 'Manager', 'Tim Bowman', '142 River St. Edmonton', '2006-01-28', 300000.00, 'timbowman@gmail.com', '519-965-3213', 6, 3, 3);
INSERT INTO employee VALUES(14, 'Manager', 'Barry Rye', '100 Hundred St. Montreal', '2016-11-02', 100000.00, 'barryrye@gmail.com', '514-777-8776', 3, 6, 4);
INSERT INTO employee VALUES(15, 'Manager', 'Gilbert Cat', '564 Cats St. Ottawa', '1994-05-13', 50000.00, 'gilbertcat@gmail.com', '450-433-3323', 4, 10, 5);
INSERT INTO employee VALUES(16, 'Manager', 'Jean Eerie', '762 Lolli St. Vancouver', '2013-10-14', 230000.00, 'jeaneerie@gmail.com', '450-433-5432', 5, 7, 6);
INSERT INTO employee VALUES(17, 'Manager', 'Abraham Cookie', '232 Crumble St. Toronto', '2008-04-20', 70000.00, 'abrahamcookie@gmail.com', '450-987-1234', 4, 6, 7);
INSERT INTO employee VALUES(18, 'Manager', 'Benjamin Turtle', '498 Slow Ride St. Edmonton', '2006-01-28', 80000.00, 'benjaminturtle@gmail.com', '514-983-3213', 3, 6, 8);
INSERT INTO employee VALUES(19, 'Manager', 'Spider Man', '142 SpiderWeb St. Toronto', '2016-11-02', 90000.00, 'spiderman@gmail.com', '514-223-8876', 3, 5, 9);
INSERT INTO employee VALUES(20, 'Manager', 'John Bill', '392 Billing St. Toronto', '2013-10-14', 20000.00, 'johnbill@gmail.com', '450-433-3323', 6, 4, 10);
INSERT INTO employee VALUES(21, 'Manager', 'Tina Turner', '354 Tanner St. Montreal', '2013-10-14', 300000.00, 'tinaturner@gmail.com', '451-433-4444', 5, 5, 11);

--client

INSERT INTO client VALUES(1, 'Cherry Neval', '1935-11-12', '1995-12-01', '123 St-Catherine E. Montreal', 'Senior' , 'cherryneval@gmail.com', '1234qwe', '514-687-5723', 1, 0);
INSERT INTO client VALUES(2, 'Roberto Nial', '1957-06-23', '2001-05-13', '627 Trade Street, Montreal', 'Basic', 'robertonial@gmail.com', '4321qwe', '514-672-9824', 11, 0);
INSERT INTO client VALUES(3, 'Naomi Kimber', '1956-05-31', '2017-03-14', '1585 St Ambroise Street, Montreal', 'Basic', 'naomikimber@gmail.com', '2134qwe', '514-175-3759', 11, 1);
INSERT INTO client VALUES(4, 'Natasha Bier', '1975-02-16', '2010-07-07', '1938 Sherbrooke, Saskatoon', 'Premium', 'natashabier@gmail.com', 'ewq1243', '514-850-2748', 2, 0);
INSERT INTO client VALUES(5, 'Justin Turtle', '1996-11-12', '1999-12-01', '123 North Street. Edmonton', 'Student', 'justinturtle@gmail.com', 'rew234', '514-239-2348', 3, 0);
INSERT INTO client VALUES(6, 'Chris Scott', '1995-06-23', '2010-05-13', '6273 Canada Street, Montreal', 'Student', 'chriscott@gmail.com', '423erwer', '514-195-2983', 11, 1);
INSERT INTO client VALUES(7, 'Noel Hama', '2006-05-31', '2017-03-14', '2857 Nova Avenue, Ottawa', 'Student', 'noelhama@gmail.com', 'rwe3524', '514-583-2938', 11, 0);
INSERT INTO client VALUES(8, 'Nicola Iber', '2001-02-16', '2013-02-07', '1938 St.Nicolas Avenue, Edmonton', 'Student', 'nicolaiber@gmail.com', 'gsr342', '514-905-2039', 8, 1);
INSERT INTO client VALUES(9, 'James Hail', '1987-10-04', '1994-01-03', '134 Perrymore, Vancouver', 'Basic', 'jameshail@gmail.com', 'gsret2462', '514-324-2286', 6, 0);
INSERT INTO client VALUES(10, 'Betty Snow', '1963-04-23', '1988-12-07', '238 Sandle, Toronto', 'Premium', 'bettysnow@gmail.com', 'fasert342', '514-548-9982', 7, 0);
INSERT INTO client VALUES(11, 'Mandy Moore', '1991-07-12', '2000-08-02', '538 Mayberry Boulevard, Toronto', 'Student', 'mandymoore@gmail.com', 'yte345', '514-443-8725', 9, 0);
INSERT INTO client VALUES(12, 'Terry Crews', '1999-02-16', '2000-03-07', '543 Travis Street, Toronto', 'Student', 'terrycrews@gmail.com', 'uyt4584','514-923-2229', 10, 0);
INSERT INTO client VALUES(13, 'Penny Jack', '1979-03-19', '2001-05-13', '938 Rue Tavern, Montreal', 'Basic', 'pennyjack@gmail.com', 'ytety321', '514-765-2879', 4, 0);
INSERT INTO client VALUES(14, 'Hal Blue', '1930-12-01', '1996-11-07', '154 Rue Pine, Montreal', 'Senior', 'halblue@gmail.com', 'gsf5131', '514-524-3372', 5, 1);
INSERT INTO client VALUES(15, 'Carl Manning', '1989-02-16', '2005-10-10', '238 Rue Mary, Montreal', 'Student', 'carlmanning@gmail.com', 'fda6135', '514-804-2009', 11, 0);
INSERT INTO client VALUES(16, 'Connie Yam', '1985-11-21', '2008-10-17', '136 Rue Meadow, Montreal', 'Student', 'connieyam@gmail.com', 'bzcv135', '514-434-3152', 11, 0);
INSERT INTO client VALUES(17, 'Guy Flower', '1946-09-19', '1990-01-01', '1863 Rue Tab, Montreal', 'Senior', 'guyflower@gmail.com', 'vzd251', '514-901-2882', 11, 0);

--service

INSERT INTO service VALUES('Banking', 2);
INSERT INTO service VALUES('Investment', 3);
INSERT INTO service VALUES('Insurance', 4);

-- account

INSERT INTO account VALUES(1, 1, 10000.00, 'Checking', 'Banking', 'Personal', 0.0);
INSERT INTO account VALUES(2, 1, 10000000.00, 'Savings', 'Investment', 'Corporate', 2.0);
INSERT INTO account VALUES(3, 2, 3333333.17, 'Savings', 'Banking','Business', 1.5);
INSERT INTO account VALUES(4, 4, 25000.00,'Line of Credit','Banking', 'Corporate', 4.5);
INSERT INTO account VALUES(5, 5, 50000.00, 'Line of Credit' , 'Insurance', 'Personal', 5.5);
INSERT INTO account VALUES(6, 3, 0.01, 'Line of Credit', 'Investment', 'Personal', 5.5);
INSERT INTO account VALUES(7, 6, 17.34, 'Line of Credit', 'Banking', 'Personal', 5.5);
INSERT INTO account VALUES(8, 4, 99.99 , 'Savings', 'Insurance', 'Personal', 2.0);
INSERT INTO account VALUES(9, 5, 17171717.17 ,'Savings', 'Investment', 'Business', 3.5);
INSERT INTO account VALUES(10, 3, 17.17, 'Savings', 'Banking', 'Corporate', 1.5);
INSERT INTO account VALUES(11, 7, 40.00, 'Savings', 'Banking', 'Business', 2.0);
INSERT INTO account VALUES(12, 7, 1200.00, 'Checking', 'Banking', 'Personal', 0.0);
INSERT INTO account VALUES(13, 6, 40000000.00, 'Savings', 'Insurance', 'Business', 2.4);
INSERT INTO account VALUES(14, 1, 50000.00, 'Line of Credit', 'Investment', 'Personal', 6.0);
INSERT INTO account VALUES(15, 7, 11000.00, 'Line of Credit', 'Banking', 'Corporate', 5.5);
INSERT INTO account VALUES(16, 2, 1000.00, 'Line of Credit', 'Banking', 'Personal', 4.5);
INSERT INTO account VALUES(17, 1, 12000.00, 'Credit Card', 'Insurance', 'Business', 20.0);
INSERT INTO account VALUES(18, 2, 20000.00, 'Checking', 'Banking', 'Personal', 0.0);
INSERT INTO account VALUES(19, 3, 100000.00, 'Checking', 'Banking', 'Personal', 0.0);
INSERT INTO account VALUES(20, 4, 25000.00, 'Checking', 'Banking', 'Personal', 0.0);
INSERT INTO account VALUES(21, 5, 35000.00, 'Checking', 'Banking', 'Personal', 0.0);
INSERT INTO account VALUES(22, 6, 4000.00, 'Checking', 'Banking', 'Personal', 0.0);
INSERT INTO account VALUES(23, 8, 21000.00, 'Checking', 'Banking', 'Personal', 0.0);
INSERT INTO account VALUES(24, 9, 1000.00, 'Savings', 'Banking', 'Personal', 2.0);
INSERT INTO account VALUES(25, 10, 32000.00, 'Savings', 'Banking', 'Personal', 0.0);
INSERT INTO account VALUES(26, 11, 8000.00, 'Checking', 'Banking', 'Personal', 0.0);
INSERT INTO account VALUES(27, 12, 23000.00, 'Checking', 'Banking', 'Personal', 0.0);
INSERT INTO account VALUES(28, 13, 7350.00, 'Checking', 'Banking', 'Personal', 0.0);
INSERT INTO account VALUES(29, 14, 17520.00, 'Checking', 'Banking', 'Personal', 0.0);
INSERT INTO account VALUES(30, 15, 6240.00, 'Checking', 'Banking', 'Personal', 0.0);
INSERT INTO account VALUES(31, 16, 43400.00, 'Checking', 'Banking', 'Personal', 0.0);
INSERT INTO account VALUES(32, 17, 45000.00, 'Checking', 'Banking', 'Personal', 0.0);
INSERT INTO account VALUES(33, 12, 1000000.00, 'Mortgage', 'Banking', 'Personal', 2.0);
INSERT INTO account VALUES(34, 13, 1000.00, 'Credit Card', 'Banking', 'Personal', 21.0);
INSERT INTO account VALUES(35, 14, 200000.00, 'Loan', 'Investment', 'Corporate', 5.0);
INSERT INTO account VALUES(36, 15, 4000.00, 'Credit Card', 'Banking', 'Personal', 19.0);
INSERT INTO account VALUES(37, 16, 800.00, 'Credit Card', 'Banking', 'Personal', 21.0);
INSERT INTO account VALUES(38, 5, 4995.00, 'Foreign Currency', 'Banking', 'Personal', 21.0);
INSERT INTO account VALUES(39, 7, 80000.00, 'Foreign Currency', 'Banking', 'Corporate', 21.0);

--charge plan

INSERT INTO chargeplan VALUES ('Student', 5, 5.00, 3.00);
INSERT INTO chargeplan VALUES ('Premium', 100, 15.00, 1.00);
INSERT INTO chargeplan VALUES ('Basic', 10, 10.00, 5.00);
INSERT INTO chargeplan VALUES ('Platinum', 1000, 30.00, 1.00);
INSERT INTO chargeplan VALUES ('Senior', 15, 0.00, 1.00);

--checking

INSERT INTO checking VALUES (1, 'Senior');
INSERT INTO checking VALUES (12, 'Student');
INSERT INTO checking VALUES (18, 'Student');
INSERT INTO checking VALUES (19, 'Premium');
INSERT INTO checking VALUES (20, 'Basic');
INSERT INTO checking VALUES (21, 'Basic');
INSERT INTO checking VALUES (22, 'Basic');
INSERT INTO checking VALUES (23, 'Platinum');
INSERT INTO checking VALUES (26, 'Basic');
INSERT INTO checking VALUES (27, 'Student');
INSERT INTO checking VALUES (28, 'Student');
INSERT INTO checking VALUES (29, 'Student');
INSERT INTO checking VALUES (30, 'Student');
INSERT INTO checking VALUES (31, 'Student');
INSERT INTO checking VALUES (32, 'Student');

-- bills

INSERT INTO bills VALUES (1, 140.0, 0, '2018-11-30', 1);
INSERT INTO bills VALUES (2, 10.0, 0, '2018-12-10', 1);
INSERT INTO bills VALUES (3, 58.0, 1, '2018-11-25', 2);
INSERT INTO bills VALUES (4, 54.0, 1, '2018-11-26', 3);
INSERT INTO bills VALUES (5, 1000.0, 1, '2018-11-25', 4);
INSERT INTO bills VALUES (6, 1378.0, 0, '2018-12-30', 5);
INSERT INTO bills VALUES (7, 154.0, 0, '2018-12-12', 6);
INSERT INTO bills VALUES (8, 1400.0, 1, '2018-12-21', 7);
INSERT INTO bills VALUES (9, 870.0, 0, '2018-12-23', 2);
INSERT INTO bills VALUES (10, 50.0, 0, '2018-11-27', 3);
INSERT INTO bills VALUES (11, 50.0, 0, '2018-12-18', 4);
INSERT INTO bills VALUES (12, 135.0, 0, '2018-12-19', 5);
INSERT INTO bills VALUES (13, 246.0, 1, '2018-12-07', 6);
INSERT INTO bills VALUES (14, 140.0, 0, '2018-12-23', 7);
INSERT INTO bills VALUES (15, 50.0, 0, '2018-12-26', 4);
INSERT INTO bills VALUES (16, 98.0, 0, '2018-12-30', 6);
INSERT INTO bills VALUES (17, 101.0, 0, '2018-12-30', 16);
INSERT INTO bills VALUES (18, 60.0, 0, '2018-12-30', 15);
INSERT INTO bills VALUES (19, 45.0, 0, '2019-01-30', 15);
INSERT INTO bills VALUES (20, 34.0, 0, '2018-12-12', 16);
INSERT INTO bills VALUES (21, 500.0, 0, '2018-12-10', 16);

--credit

INSERT INTO credit VALUES(17, 6000.0, 20.0);
INSERT INTO credit VALUES(34, 2000.0, 10.0);
INSERT INTO credit VALUES(36, 5000.0, 15.0);
INSERT INTO credit VALUES(37, 1000.0, 10.0);


--foreignCurrency

INSERT INTO foreigncurrency VALUES(38, 'Yen');
INSERT INTO foreigncurrency VALUES(39, 'Rupees');

--loan

INSERT INTO loan VALUES(4, 50000.0, 'Line of Credit');
INSERT INTO loan VALUES(5, 100000.0, 'Line of Credit');
INSERT INTO loan VALUES(6, 5000.0, 'Line of Credit');
INSERT INTO loan VALUES(7, 5000.0, 'Line of Credit');
INSERT INTO loan VALUES(14, 75000.0, 'Line of Credit');
INSERT INTO loan VALUES(15, 50000.0, 'Line of Credit');
INSERT INTO loan VALUES(16, 10000.0, 'Line of Credit');
INSERT INTO loan VALUES(33, 1000000.0, 'Mortgage');
INSERT INTO loan VALUES(35, 250000.0, 'Loan');

--reocurringbills

INSERT INTO reoccurringbills VALUES(17, 4);
INSERT INTO reoccurringbills VALUES(19, 12);
INSERT INTO reoccurringbills VALUES(20, 6);

--savings

INSERT INTO savings VALUES(2, 'Basic');
INSERT INTO savings VALUES(3, 'Basic');
INSERT INTO savings VALUES(8, 'Student');
INSERT INTO savings VALUES(9, 'Premium');
INSERT INTO savings VALUES(11, 'Student');
INSERT INTO savings VALUES(13, 'Basic');
INSERT INTO savings VALUES(24, 'Student');
INSERT INTO savings VALUES(25, 'Senior');

--schedule

INSERT INTO schedule VALUES(1, 'Monday', '11:00', '16:00');
INSERT INTO schedule VALUES(1, 'Tuesday', '09:00', '17:00');
INSERT INTO schedule VALUES(1, 'Wednesday', '09:00', '16:00');
INSERT INTO schedule VALUES(1, 'Thursday', '09:00', '17:00');
INSERT INTO schedule VALUES(1, 'Friday', '09:00', '17:00');
INSERT INTO schedule VALUES(2, 'Monday', '09:00', '17:00');
INSERT INTO schedule VALUES(2, 'Tuesday', '09:00', '17:00');
INSERT INTO schedule VALUES(2, 'Wednesday', '09:00', '17:00');
INSERT INTO schedule VALUES(2, 'Thursday', '09:00', '17:00');
INSERT INTO schedule VALUES(2, 'Friday', '09:00', '17:00');
INSERT INTO schedule VALUES(3, 'Monday', '09:00', '17:00');
INSERT INTO schedule VALUES(3, 'Tuesday', '09:00', '17:00');
INSERT INTO schedule VALUES(3, 'Wednesday', '09:00', '17:00');
INSERT INTO schedule VALUES(3, 'Thursday', '09:00', '17:00');
INSERT INTO schedule VALUES(3, 'Friday', '09:00', '17:00');
INSERT INTO schedule VALUES(4, 'Monday', '09:00', '17:00');
INSERT INTO schedule VALUES(4, 'Tuesday', '09:00', '17:00');
INSERT INTO schedule VALUES(4, 'Wednesday', '09:00', '17:00');
INSERT INTO schedule VALUES(4, 'Thursday', '09:00', '17:00');
INSERT INTO schedule VALUES(4, 'Friday', '09:00', '17:00');
INSERT INTO schedule VALUES(5, 'Monday', '09:00', '17:00');
INSERT INTO schedule VALUES(5, 'Tuesday', '09:00', '17:00');
INSERT INTO schedule VALUES(5, 'Wednesday', '09:00', '17:00');
INSERT INTO schedule VALUES(5, 'Thursday', '09:00', '17:00');
INSERT INTO schedule VALUES(5, 'Friday', '09:00', '17:00');
INSERT INTO schedule VALUES(6, 'Monday', '09:00', '17:00');
INSERT INTO schedule VALUES(6, 'Tuesday', '09:00', '17:00');
INSERT INTO schedule VALUES(6, 'Wednesday', '09:00', '17:00');
INSERT INTO schedule VALUES(6, 'Thursday', '09:00', '17:00');
INSERT INTO schedule VALUES(6, 'Friday', '09:00', '17:00');
INSERT INTO schedule VALUES(7, 'Monday', '09:00', '17:00');
INSERT INTO schedule VALUES(7, 'Tuesday', '09:00', '17:00');
INSERT INTO schedule VALUES(7, 'Wednesday', '09:00', '17:00');
INSERT INTO schedule VALUES(7, 'Thursday', '09:00', '17:00');
INSERT INTO schedule VALUES(7, 'Friday', '09:00', '17:00');
INSERT INTO schedule VALUES(8, 'Monday', '09:00', '17:00');
INSERT INTO schedule VALUES(8, 'Tuesday', '09:00', '17:00');
INSERT INTO schedule VALUES(8, 'Wednesday', '09:00', '17:00');
INSERT INTO schedule VALUES(8, 'Thursday', '09:00', '17:00');
INSERT INTO schedule VALUES(8, 'Friday', '09:00', '17:00');
INSERT INTO schedule VALUES(9, 'Monday', '09:00', '17:00');
INSERT INTO schedule VALUES(9, 'Tuesday', '09:00', '17:00');
INSERT INTO schedule VALUES(9, 'Wednesday', '09:00', '17:00');
INSERT INTO schedule VALUES(9, 'Thursday', '09:00', '17:00');
INSERT INTO schedule VALUES(9, 'Friday', '09:00', '17:00');
INSERT INTO schedule VALUES(10, 'Monday', '09:00', '17:00');
INSERT INTO schedule VALUES(10, 'Tuesday', '09:00', '17:00');
INSERT INTO schedule VALUES(10, 'Wednesday', '09:00', '17:00');
INSERT INTO schedule VALUES(10, 'Thursday', '09:00', '17:00');
INSERT INTO schedule VALUES(10, 'Friday', '09:00', '17:00');
INSERT INTO schedule VALUES(11, 'Monday', '09:00', '17:00');
INSERT INTO schedule VALUES(11, 'Tuesday', '09:00', '17:00');
INSERT INTO schedule VALUES(11, 'Wednesday', '09:00', '17:00');
INSERT INTO schedule VALUES(11, 'Thursday', '09:00', '17:00');
INSERT INTO schedule VALUES(11, 'Friday', '09:00', '17:00');
INSERT INTO schedule VALUES(12, 'Monday', '09:00', '17:00');
INSERT INTO schedule VALUES(12, 'Tuesday', '09:00', '17:00');
INSERT INTO schedule VALUES(12, 'Wednesday', '09:00', '17:00');
INSERT INTO schedule VALUES(12, 'Thursday', '09:00', '17:00');
INSERT INTO schedule VALUES(12, 'Friday', '09:00', '17:00');
INSERT INTO schedule VALUES(13, 'Monday', '09:00', '17:00');
INSERT INTO schedule VALUES(13, 'Tuesday', '09:00', '17:00');
INSERT INTO schedule VALUES(13, 'Wednesday', '09:00', '17:00');
INSERT INTO schedule VALUES(13, 'Thursday', '09:00', '17:00');
INSERT INTO schedule VALUES(13, 'Friday', '09:00', '17:00');
INSERT INTO schedule VALUES(14, 'Monday', '09:00', '17:00');
INSERT INTO schedule VALUES(14, 'Tuesday', '09:00', '17:00');
INSERT INTO schedule VALUES(14, 'Wednesday', '09:00', '17:00');
INSERT INTO schedule VALUES(14, 'Thursday', '09:00', '17:00');
INSERT INTO schedule VALUES(14, 'Friday', '09:00', '17:00');
INSERT INTO schedule VALUES(15, 'Monday', '09:00', '17:00');
INSERT INTO schedule VALUES(15, 'Tuesday', '09:00', '17:00');
INSERT INTO schedule VALUES(15, 'Wednesday', '09:00', '17:00');
INSERT INTO schedule VALUES(15, 'Thursday', '09:00', '17:00');
INSERT INTO schedule VALUES(15, 'Friday', '09:00', '17:00');
INSERT INTO schedule VALUES(16, 'Monday', '09:00', '17:00');
INSERT INTO schedule VALUES(16, 'Tuesday', '09:00', '17:00');
INSERT INTO schedule VALUES(17, 'Wednesday', '09:00', '17:00');
INSERT INTO schedule VALUES(17, 'Thursday', '09:00', '17:00');
INSERT INTO schedule VALUES(17, 'Friday', '09:00', '17:00');
INSERT INTO schedule VALUES(18, 'Monday', '09:00', '17:00');
INSERT INTO schedule VALUES(18, 'Tuesday', '09:00', '17:00');
INSERT INTO schedule VALUES(19, 'Wednesday', '09:00', '17:00');
INSERT INTO schedule VALUES(19, 'Thursday', '09:00', '17:00');
INSERT INTO schedule VALUES(19, 'Friday', '09:00', '17:00');
INSERT INTO schedule VALUES(20, 'Monday', '09:00', '17:00');
INSERT INTO schedule VALUES(20, 'Tuesday', '09:00', '17:00');
INSERT INTO schedule VALUES(21, 'Wednesday', '09:00', '17:00');
INSERT INTO schedule VALUES(21, 'Thursday', '09:00', '17:00');
INSERT INTO schedule VALUES(21, 'Friday', '09:00', '17:00');

--transaction

INSERT INTO transaction VALUES (1, 1, '2018-01-01', 10000.00);
INSERT INTO transaction VALUES (2, 2, '2018-01-03', 10000000.00);
INSERT INTO transaction VALUES (3, 3, '2018-03-05', 3333333.17);
INSERT INTO transaction VALUES (4, 4, '2016-01-07', 25000.00);
INSERT INTO transaction VALUES (5, 5, '2015-05-08', 50000.00);
INSERT INTO transaction VALUES (6, 6, '2014-01-01', 0.01);
INSERT INTO transaction VALUES (7, 7, '2013-05-01', 17.34);
INSERT INTO transaction VALUES (8, 8, '2018-01-12', 99.99);
INSERT INTO transaction VALUES (9, 9, '2018-03-01', 17171717.17);
INSERT INTO transaction VALUES (10, 10, '2018-04-01', 17.17);
INSERT INTO transaction VALUES (11, 11, '2017-09-13', 40.00);
INSERT INTO transaction VALUES (12, 12, '2014-05-08', 1200.00);
INSERT INTO transaction VALUES (13, 13, '2012-06-10', 40000000.00);
INSERT INTO transaction VALUES (14, 14, '2016-03-21', 50000.00);
INSERT INTO transaction VALUES (15, 15, '2015-04-12', 11000.00);
INSERT INTO transaction VALUES (16, 16, '2014-06-15', 1000.00);
INSERT INTO transaction VALUES (17, 17, '2013-04-24', 1346.00);
INSERT INTO transaction VALUES (18, 18, '2010-04-24', 3000.00);
INSERT INTO transaction VALUES (19, 19, '2011-02-04', 134000.00);
INSERT INTO transaction VALUES (20, 20, '2014-10-16', 100.00);
INSERT INTO transaction VALUES (21, 21, '2012-07-14', 34.00);
INSERT INTO transaction VALUES (22, 17, '2012-08-27', 61.00);
INSERT INTO transaction VALUES (23, 16, '2016-09-22', 6134.00);
INSERT INTO transaction VALUES (24, 15, '2017-04-21', 12000.00);
INSERT INTO transaction VALUES (25, 16, '2017-06-12', 613.00);
INSERT INTO transaction VALUES (26, 17, '2018-05-01', 36.00);
INSERT INTO transaction VALUES (27, 13, '2015-01-03', 12.00);
INSERT INTO transaction VALUES (28, 12, '2013-03-26', 65.00);
INSERT INTO transaction VALUES (29, 7, '2012-04-20', 34.00);
INSERT INTO transaction VALUES (30, 6, '2013-09-20', 341.00);
INSERT INTO transaction VALUES (31, 2, '2013-11-28', 341.00);
INSERT INTO transaction VALUES (32, 13, '2011-08-29', 513.00);
INSERT INTO transaction VALUES (33, 1, '2010-02-20', 34.00);
INSERT INTO transaction VALUES (34, 5, '2016-05-12', 1000.00);
INSERT INTO transaction VALUES (35, 7, '2017-09-14', 51.00);
INSERT INTO transaction VALUES (36, 9, '2018-09-19', 3000.00);
INSERT INTO transaction VALUES (37, 10, '2016-03-27', 6520.00);
INSERT INTO transaction VALUES (38, 4, '2017-12-20', 5100.00);

--admin

INSERT INTO admin VALUES(1, '1234qwe');
INSERT INTO admin VALUES(2, '4321qwe');
INSERT INTO admin VALUES(3, '1234ewq');